path,ext,size_bytes,track,stack,window,category
15min/analysis/analysis_report.md,.md,1766,15min,,,analysis
15min/analysis/fidelity_bidir_win24.csv,.csv,272,15min,,24.0,analysis
15min/analysis/fidelity_bidir_win8.csv,.csv,271,15min,,8.0,analysis
15min/analysis/fidelity_bidir_win96.csv,.csv,292,15min,,96.0,analysis
15min/analysis/fidelity_double_win24.csv,.csv,268,15min,,24.0,analysis
15min/analysis/fidelity_double_win8.csv,.csv,261,15min,,8.0,analysis
15min/analysis/fidelity_double_win96.csv,.csv,289,15min,,96.0,analysis
15min/analysis/fidelity_single_win24.csv,.csv,294,15min,,24.0,analysis
15min/analysis/fidelity_single_win8.csv,.csv,282,15min,,8.0,analysis
15min/analysis/fidelity_single_win96.csv,.csv,312,15min,,96.0,analysis
15min/analysis/hidden_states/pca_single_win96.png,.png,41417,15min,,96.0,analysis
15min/analysis/hidden_states/tsne_single_win96.png,.png,40320,15min,,96.0,analysis
15min/analysis/ig/bidir/win24_heatmap.png,.png,36930,15min,bidir,24.0,ig
15min/analysis/ig/bidir/win24_horizon.csv,.csv,395,15min,bidir,24.0,ig
15min/analysis/ig/bidir/win24_horizon.png,.png,33886,15min,bidir,24.0,ig
15min/analysis/ig/bidir/win8_heatmap.png,.png,32701,15min,bidir,8.0,ig
15min/analysis/ig/bidir/win8_horizon.csv,.csv,137,15min,bidir,8.0,ig
15min/analysis/ig/bidir/win8_horizon.png,.png,38472,15min,bidir,8.0,ig
15min/analysis/ig/bidir/win96_heatmap.png,.png,37060,15min,bidir,96.0,ig
15min/analysis/ig/bidir/win96_horizon.csv,.csv,1585,15min,bidir,96.0,ig
15min/analysis/ig/bidir/win96_horizon.png,.png,31361,15min,bidir,96.0,ig
15min/analysis/ig/double/win24_heatmap.png,.png,37071,15min,double,24.0,ig
15min/analysis/ig/double/win24_horizon.csv,.csv,398,15min,double,24.0,ig
15min/analysis/ig/double/win24_horizon.png,.png,35209,15min,double,24.0,ig
15min/analysis/ig/double/win8_heatmap.png,.png,32218,15min,double,8.0,ig
15min/analysis/ig/double/win8_horizon.csv,.csv,133,15min,double,8.0,ig
15min/analysis/ig/double/win8_horizon.png,.png,38380,15min,double,8.0,ig
15min/analysis/ig/double/win96_heatmap.png,.png,37355,15min,double,96.0,ig
15min/analysis/ig/double/win96_horizon.csv,.csv,1583,15min,double,96.0,ig
15min/analysis/ig/double/win96_horizon.png,.png,31291,15min,double,96.0,ig
15min/analysis/ig/single/win24_heatmap.png,.png,35353,15min,single,24.0,ig
15min/analysis/ig/single/win24_horizon.csv,.csv,395,15min,single,24.0,ig
15min/analysis/ig/single/win24_horizon.png,.png,33921,15min,single,24.0,ig
15min/analysis/ig/single/win8_heatmap.png,.png,33294,15min,single,8.0,ig
15min/analysis/ig/single/win8_horizon.csv,.csv,137,15min,single,8.0,ig
15min/analysis/ig/single/win8_horizon.png,.png,37096,15min,single,8.0,ig
15min/analysis/ig/single/win96_heatmap.png,.png,41105,15min,single,96.0,ig
15min/analysis/ig/single/win96_horizon.csv,.csv,1598,15min,single,96.0,ig
15min/analysis/ig/single/win96_horizon.png,.png,30773,15min,single,96.0,ig
15min/analysis/memory_erasure_bidir_win24.csv,.csv,345,15min,,24.0,analysis
15min/analysis/memory_erasure_bidir_win24.png,.png,32240,15min,,24.0,analysis
15min/analysis/memory_erasure_bidir_win8.csv,.csv,347,15min,,8.0,analysis
15min/analysis/memory_erasure_bidir_win8.png,.png,33203,15min,,8.0,analysis
15min/analysis/memory_erasure_bidir_win96.csv,.csv,343,15min,,96.0,analysis
15min/analysis/memory_erasure_bidir_win96.png,.png,35132,15min,,96.0,analysis
15min/analysis/memory_erasure_double_win24.csv,.csv,348,15min,,24.0,analysis
15min/analysis/memory_erasure_double_win24.png,.png,35105,15min,,24.0,analysis
15min/analysis/memory_erasure_double_win8.csv,.csv,345,15min,,8.0,analysis
15min/analysis/memory_erasure_double_win8.png,.png,30156,15min,,8.0,analysis
15min/analysis/memory_erasure_double_win96.csv,.csv,346,15min,,96.0,analysis
15min/analysis/memory_erasure_double_win96.png,.png,31069,15min,,96.0,analysis
15min/analysis/memory_erasure_single_win24.csv,.csv,342,15min,,24.0,analysis
15min/analysis/memory_erasure_single_win24.png,.png,32811,15min,,24.0,analysis
15min/analysis/memory_erasure_single_win8.csv,.csv,344,15min,,8.0,analysis
15min/analysis/memory_erasure_single_win8.png,.png,30030,15min,,8.0,analysis
15min/analysis/memory_erasure_single_win96.csv,.csv,345,15min,,96.0,analysis
15min/analysis/memory_erasure_single_win96.png,.png,32281,15min,,96.0,analysis
15min/analysis/recomputed_metrics.csv,.csv,4661,15min,,,analysis
15min/analysis/xai/bidir/win24_lime.csv,.csv,240,15min,bidir,24.0,xai
15min/analysis/xai/bidir/win24_shap.csv,.csv,402,15min,bidir,24.0,xai
15min/analysis/xai/bidir/win24_shap_lime_corr.csv,.csv,64,15min,bidir,24.0,xai
15min/analysis/xai/bidir/win8_lime.csv,.csv,240,15min,bidir,8.0,xai
15min/analysis/xai/bidir/win8_shap.csv,.csv,408,15min,bidir,8.0,xai
15min/analysis/xai/bidir/win8_shap_lime_corr.csv,.csv,63,15min,bidir,8.0,xai
15min/analysis/xai/bidir/win96_lime.csv,.csv,240,15min,bidir,96.0,xai
15min/analysis/xai/bidir/win96_shap.csv,.csv,406,15min,bidir,96.0,xai
15min/analysis/xai/bidir/win96_shap_lime_corr.csv,.csv,64,15min,bidir,96.0,xai
15min/analysis/xai/double/win24_lime.csv,.csv,240,15min,double,24.0,xai
15min/analysis/xai/double/win24_shap.csv,.csv,408,15min,double,24.0,xai
15min/analysis/xai/double/win24_shap_lime_corr.csv,.csv,65,15min,double,24.0,xai
15min/analysis/xai/double/win8_lime.csv,.csv,240,15min,double,8.0,xai
15min/analysis/xai/double/win8_shap.csv,.csv,409,15min,double,8.0,xai
15min/analysis/xai/double/win8_shap_lime_corr.csv,.csv,64,15min,double,8.0,xai
15min/analysis/xai/double/win96_lime.csv,.csv,240,15min,double,96.0,xai
15min/analysis/xai/double/win96_shap.csv,.csv,408,15min,double,96.0,xai
15min/analysis/xai/double/win96_shap_lime_corr.csv,.csv,65,15min,double,96.0,xai
15min/analysis/xai/single/win24_lime.csv,.csv,240,15min,single,24.0,xai
15min/analysis/xai/single/win24_shap.csv,.csv,403,15min,single,24.0,xai
15min/analysis/xai/single/win24_shap_lime_corr.csv,.csv,65,15min,single,24.0,xai
15min/analysis/xai/single/win8_lime.csv,.csv,240,15min,single,8.0,xai
15min/analysis/xai/single/win8_shap.csv,.csv,406,15min,single,8.0,xai
15min/analysis/xai/single/win8_shap_lime_corr.csv,.csv,64,15min,single,8.0,xai
15min/analysis/xai/single/win96_lime.csv,.csv,240,15min,single,96.0,xai
15min/analysis/xai/single/win96_shap.csv,.csv,407,15min,single,96.0,xai
15min/analysis/xai/single/win96_shap_lime_corr.csv,.csv,65,15min,single,96.0,xai
15min/behaviors/compare_ig_win24.png,.png,53789,15min,,24.0,
15min/behaviors/erasure/bidir/win1.csv,.csv,110,15min,bidir,1.0,erasure
15min/behaviors/erasure/bidir/win1.png,.png,19632,15min,bidir,1.0,erasure
15min/behaviors/erasure/bidir/win16.csv,.csv,109,15min,bidir,16.0,erasure
15min/behaviors/erasure/bidir/win16.png,.png,24608,15min,bidir,16.0,erasure
15min/behaviors/erasure/bidir/win24.csv,.csv,108,15min,bidir,24.0,erasure
15min/behaviors/erasure/bidir/win24.png,.png,27913,15min,bidir,24.0,erasure
15min/behaviors/erasure/bidir/win4.csv,.csv,109,15min,bidir,4.0,erasure
15min/behaviors/erasure/bidir/win4.png,.png,27137,15min,bidir,4.0,erasure
15min/behaviors/erasure/bidir/win48.csv,.csv,107,15min,bidir,48.0,erasure
15min/behaviors/erasure/bidir/win48.png,.png,28336,15min,bidir,48.0,erasure
15min/behaviors/erasure/bidir/win64.csv,.csv,107,15min,bidir,64.0,erasure
15min/behaviors/erasure/bidir/win64.png,.png,25561,15min,bidir,64.0,erasure
15min/behaviors/erasure/bidir/win672.csv,.csv,105,15min,bidir,672.0,erasure
15min/behaviors/erasure/bidir/win672.png,.png,24438,15min,bidir,672.0,erasure
15min/behaviors/erasure/bidir/win8.csv,.csv,109,15min,bidir,8.0,erasure
15min/behaviors/erasure/bidir/win8.png,.png,24293,15min,bidir,8.0,erasure
15min/behaviors/erasure/bidir/win96.csv,.csv,105,15min,bidir,96.0,erasure
15min/behaviors/erasure/bidir/win96.png,.png,24637,15min,bidir,96.0,erasure
15min/behaviors/erasure/double/win1.csv,.csv,110,15min,double,1.0,erasure
15min/behaviors/erasure/double/win1.png,.png,20156,15min,double,1.0,erasure
15min/behaviors/erasure/double/win16.csv,.csv,109,15min,double,16.0,erasure
15min/behaviors/erasure/double/win16.png,.png,25820,15min,double,16.0,erasure
15min/behaviors/erasure/double/win24.csv,.csv,108,15min,double,24.0,erasure
15min/behaviors/erasure/double/win24.png,.png,26791,15min,double,24.0,erasure
15min/behaviors/erasure/double/win4.csv,.csv,108,15min,double,4.0,erasure
15min/behaviors/erasure/double/win4.png,.png,25243,15min,double,4.0,erasure
15min/behaviors/erasure/double/win48.csv,.csv,108,15min,double,48.0,erasure
15min/behaviors/erasure/double/win48.png,.png,30607,15min,double,48.0,erasure
15min/behaviors/erasure/double/win64.csv,.csv,104,15min,double,64.0,erasure
15min/behaviors/erasure/double/win64.png,.png,30625,15min,double,64.0,erasure
15min/behaviors/erasure/double/win672.csv,.csv,106,15min,double,672.0,erasure
15min/behaviors/erasure/double/win672.png,.png,27138,15min,double,672.0,erasure
15min/behaviors/erasure/double/win8.csv,.csv,108,15min,double,8.0,erasure
15min/behaviors/erasure/double/win8.png,.png,25725,15min,double,8.0,erasure
15min/behaviors/erasure/double/win96.csv,.csv,107,15min,double,96.0,erasure
15min/behaviors/erasure/double/win96.png,.png,26921,15min,double,96.0,erasure
15min/behaviors/erasure/single/win1.csv,.csv,110,15min,single,1.0,erasure
15min/behaviors/erasure/single/win1.png,.png,20729,15min,single,1.0,erasure
15min/behaviors/erasure/single/win16.csv,.csv,109,15min,single,16.0,erasure
15min/behaviors/erasure/single/win16.png,.png,27916,15min,single,16.0,erasure
15min/behaviors/erasure/single/win24.csv,.csv,107,15min,single,24.0,erasure
15min/behaviors/erasure/single/win24.png,.png,29057,15min,single,24.0,erasure
15min/behaviors/erasure/single/win4.csv,.csv,109,15min,single,4.0,erasure
15min/behaviors/erasure/single/win4.png,.png,24562,15min,single,4.0,erasure
15min/behaviors/erasure/single/win48.csv,.csv,103,15min,single,48.0,erasure
15min/behaviors/erasure/single/win48.png,.png,28211,15min,single,48.0,erasure
15min/behaviors/erasure/single/win64.csv,.csv,108,15min,single,64.0,erasure
15min/behaviors/erasure/single/win64.png,.png,24739,15min,single,64.0,erasure
15min/behaviors/erasure/single/win672.csv,.csv,103,15min,single,672.0,erasure
15min/behaviors/erasure/single/win672.png,.png,28295,15min,single,672.0,erasure
15min/behaviors/erasure/single/win8.csv,.csv,106,15min,single,8.0,erasure
15min/behaviors/erasure/single/win8.png,.png,25004,15min,single,8.0,erasure
15min/behaviors/erasure/single/win96.csv,.csv,106,15min,single,96.0,erasure
15min/behaviors/erasure/single/win96.png,.png,21158,15min,single,96.0,erasure
15min/behaviors/fidelity/bidir/win1.csv,.csv,172,15min,bidir,1.0,fidelity
15min/behaviors/fidelity/bidir/win1.png,.png,23300,15min,bidir,1.0,fidelity
15min/behaviors/fidelity/bidir/win16.csv,.csv,193,15min,bidir,16.0,fidelity
15min/behaviors/fidelity/bidir/win16.png,.png,31079,15min,bidir,16.0,fidelity
15min/behaviors/fidelity/bidir/win24.csv,.csv,160,15min,bidir,24.0,fidelity
15min/behaviors/fidelity/bidir/win24.png,.png,21061,15min,bidir,24.0,fidelity
15min/behaviors/fidelity/bidir/win4.csv,.csv,171,15min,bidir,4.0,fidelity
15min/behaviors/fidelity/bidir/win4.png,.png,23335,15min,bidir,4.0,fidelity
15min/behaviors/fidelity/bidir/win48.csv,.csv,185,15min,bidir,48.0,fidelity
15min/behaviors/fidelity/bidir/win48.png,.png,29943,15min,bidir,48.0,fidelity
15min/behaviors/fidelity/bidir/win64.csv,.csv,181,15min,bidir,64.0,fidelity
15min/behaviors/fidelity/bidir/win64.png,.png,29192,15min,bidir,64.0,fidelity
15min/behaviors/fidelity/bidir/win672.csv,.csv,212,15min,bidir,672.0,fidelity
15min/behaviors/fidelity/bidir/win672.png,.png,37288,15min,bidir,672.0,fidelity
15min/behaviors/fidelity/bidir/win8.csv,.csv,184,15min,bidir,8.0,fidelity
15min/behaviors/fidelity/bidir/win8.png,.png,29138,15min,bidir,8.0,fidelity
15min/behaviors/fidelity/bidir/win96.csv,.csv,168,15min,bidir,96.0,fidelity
15min/behaviors/fidelity/bidir/win96.png,.png,23913,15min,bidir,96.0,fidelity
15min/behaviors/fidelity/double/win1.csv,.csv,195,15min,double,1.0,fidelity
15min/behaviors/fidelity/double/win1.png,.png,31980,15min,double,1.0,fidelity
15min/behaviors/fidelity/double/win16.csv,.csv,184,15min,double,16.0,fidelity
15min/behaviors/fidelity/double/win16.png,.png,30031,15min,double,16.0,fidelity
15min/behaviors/fidelity/double/win24.csv,.csv,160,15min,double,24.0,fidelity
15min/behaviors/fidelity/double/win24.png,.png,21848,15min,double,24.0,fidelity
15min/behaviors/fidelity/double/win4.csv,.csv,183,15min,double,4.0,fidelity
15min/behaviors/fidelity/double/win4.png,.png,28844,15min,double,4.0,fidelity
15min/behaviors/fidelity/double/win48.csv,.csv,160,15min,double,48.0,fidelity
15min/behaviors/fidelity/double/win48.png,.png,21931,15min,double,48.0,fidelity
15min/behaviors/fidelity/double/win64.csv,.csv,169,15min,double,64.0,fidelity
15min/behaviors/fidelity/double/win64.png,.png,24607,15min,double,64.0,fidelity
15min/behaviors/fidelity/double/win672.csv,.csv,219,15min,double,672.0,fidelity
15min/behaviors/fidelity/double/win672.png,.png,40615,15min,double,672.0,fidelity
15min/behaviors/fidelity/double/win8.csv,.csv,159,15min,double,8.0,fidelity
15min/behaviors/fidelity/double/win8.png,.png,22570,15min,double,8.0,fidelity
15min/behaviors/fidelity/double/win96.csv,.csv,186,15min,double,96.0,fidelity
15min/behaviors/fidelity/double/win96.png,.png,29375,15min,double,96.0,fidelity
15min/behaviors/fidelity/single/win1.csv,.csv,168,15min,single,1.0,fidelity
15min/behaviors/fidelity/single/win1.png,.png,23574,15min,single,1.0,fidelity
15min/behaviors/fidelity/single/win16.csv,.csv,192,15min,single,16.0,fidelity
15min/behaviors/fidelity/single/win16.png,.png,31324,15min,single,16.0,fidelity
15min/behaviors/fidelity/single/win24.csv,.csv,170,15min,single,24.0,fidelity
15min/behaviors/fidelity/single/win24.png,.png,24257,15min,single,24.0,fidelity
15min/behaviors/fidelity/single/win4.csv,.csv,168,15min,single,4.0,fidelity
15min/behaviors/fidelity/single/win4.png,.png,23448,15min,single,4.0,fidelity
15min/behaviors/fidelity/single/win48.csv,.csv,166,15min,single,48.0,fidelity
15min/behaviors/fidelity/single/win48.png,.png,24085,15min,single,48.0,fidelity
15min/behaviors/fidelity/single/win64.csv,.csv,169,15min,single,64.0,fidelity
15min/behaviors/fidelity/single/win64.png,.png,24321,15min,single,64.0,fidelity
15min/behaviors/fidelity/single/win672.csv,.csv,208,15min,single,672.0,fidelity
15min/behaviors/fidelity/single/win672.png,.png,37738,15min,single,672.0,fidelity
15min/behaviors/fidelity/single/win8.csv,.csv,179,15min,single,8.0,fidelity
15min/behaviors/fidelity/single/win8.png,.png,29752,15min,single,8.0,fidelity
15min/behaviors/fidelity/single/win96.csv,.csv,183,15min,single,96.0,fidelity
15min/behaviors/fidelity/single/win96.png,.png,29078,15min,single,96.0,fidelity
15min/behaviors/hidden_states_pca.png,.png,41417,15min,,,
15min/behaviors/ig/bidir/win1.csv,.csv,33,15min,bidir,1.0,ig
15min/behaviors/ig/bidir/win1.png,.png,24659,15min,bidir,1.0,ig
15min/behaviors/ig/bidir/win16.csv,.csv,266,15min,bidir,16.0,ig
15min/behaviors/ig/bidir/win16.png,.png,36174,15min,bidir,16.0,ig
15min/behaviors/ig/bidir/win24.csv,.csv,396,15min,bidir,24.0,ig
15min/behaviors/ig/bidir/win24.png,.png,34013,15min,bidir,24.0,ig
15min/behaviors/ig/bidir/win4.csv,.csv,78,15min,bidir,4.0,ig
15min/behaviors/ig/bidir/win4.png,.png,31688,15min,bidir,4.0,ig
15min/behaviors/ig/bidir/win48.csv,.csv,801,15min,bidir,48.0,ig
15min/behaviors/ig/bidir/win48.png,.png,34268,15min,bidir,48.0,ig
15min/behaviors/ig/bidir/win64.csv,.csv,1054,15min,bidir,64.0,ig
15min/behaviors/ig/bidir/win64.png,.png,33170,15min,bidir,64.0,ig
15min/behaviors/ig/bidir/win672.csv,.csv,11763,15min,bidir,672.0,ig
15min/behaviors/ig/bidir/win672.png,.png,28577,15min,bidir,672.0,ig
15min/behaviors/ig/bidir/win8.csv,.csv,138,15min,bidir,8.0,ig
15min/behaviors/ig/bidir/win8.png,.png,36848,15min,bidir,8.0,ig
15min/behaviors/ig/bidir/win96.csv,.csv,1586,15min,bidir,96.0,ig
15min/behaviors/ig/bidir/win96.png,.png,30681,15min,bidir,96.0,ig
15min/behaviors/ig/double/win1.csv,.csv,33,15min,double,1.0,ig
15min/behaviors/ig/double/win1.png,.png,28297,15min,double,1.0,ig
15min/behaviors/ig/double/win16.csv,.csv,262,15min,double,16.0,ig
15min/behaviors/ig/double/win16.png,.png,34119,15min,double,16.0,ig
15min/behaviors/ig/double/win24.csv,.csv,399,15min,double,24.0,ig
15min/behaviors/ig/double/win24.png,.png,29687,15min,double,24.0,ig
15min/behaviors/ig/double/win4.csv,.csv,75,15min,double,4.0,ig
15min/behaviors/ig/double/win4.png,.png,30428,15min,double,4.0,ig
15min/behaviors/ig/double/win48.csv,.csv,793,15min,double,48.0,ig
15min/behaviors/ig/double/win48.png,.png,34536,15min,double,48.0,ig
15min/behaviors/ig/double/win64.csv,.csv,1043,15min,double,64.0,ig
15min/behaviors/ig/double/win64.png,.png,29341,15min,double,64.0,ig
15min/behaviors/ig/double/win672.csv,.csv,11773,15min,double,672.0,ig
15min/behaviors/ig/double/win672.png,.png,27416,15min,double,672.0,ig
15min/behaviors/ig/double/win8.csv,.csv,134,15min,double,8.0,ig
15min/behaviors/ig/double/win8.png,.png,32085,15min,double,8.0,ig
15min/behaviors/ig/double/win96.csv,.csv,1584,15min,double,96.0,ig
15min/behaviors/ig/double/win96.png,.png,31880,15min,double,96.0,ig
15min/behaviors/ig/single/win1.csv,.csv,33,15min,single,1.0,ig
15min/behaviors/ig/single/win1.png,.png,23153,15min,single,1.0,ig
15min/behaviors/ig/single/win16.csv,.csv,264,15min,single,16.0,ig
15min/behaviors/ig/single/win16.png,.png,35931,15min,single,16.0,ig
15min/behaviors/ig/single/win24.csv,.csv,396,15min,single,24.0,ig
15min/behaviors/ig/single/win24.png,.png,34166,15min,single,24.0,ig
15min/behaviors/ig/single/win4.csv,.csv,77,15min,single,4.0,ig
15min/behaviors/ig/single/win4.png,.png,31464,15min,single,4.0,ig
15min/behaviors/ig/single/win48.csv,.csv,791,15min,single,48.0,ig
15min/behaviors/ig/single/win48.png,.png,34161,15min,single,48.0,ig
15min/behaviors/ig/single/win64.csv,.csv,1063,15min,single,64.0,ig
15min/behaviors/ig/single/win64.png,.png,33584,15min,single,64.0,ig
15min/behaviors/ig/single/win672.csv,.csv,11760,15min,single,672.0,ig
15min/behaviors/ig/single/win672.png,.png,27508,15min,single,672.0,ig
15min/behaviors/ig/single/win8.csv,.csv,138,15min,single,8.0,ig
15min/behaviors/ig/single/win8.png,.png,35968,15min,single,8.0,ig
15min/behaviors/ig/single/win96.csv,.csv,1599,15min,single,96.0,ig
15min/behaviors/ig/single/win96.png,.png,31576,15min,single,96.0,ig
15min/behaviors/shap/bidir/win1.csv,.csv,408,15min,bidir,1.0,shap
15min/behaviors/shap/bidir/win1.png,.png,38076,15min,bidir,1.0,shap
15min/behaviors/shap/bidir/win16.csv,.csv,389,15min,bidir,16.0,shap
15min/behaviors/shap/bidir/win16.png,.png,40817,15min,bidir,16.0,shap
15min/behaviors/shap/bidir/win24.csv,.csv,385,15min,bidir,24.0,shap
15min/behaviors/shap/bidir/win24.png,.png,37449,15min,bidir,24.0,shap
15min/behaviors/shap/bidir/win4.csv,.csv,404,15min,bidir,4.0,shap
15min/behaviors/shap/bidir/win4.png,.png,36997,15min,bidir,4.0,shap
15min/behaviors/shap/bidir/win48.csv,.csv,400,15min,bidir,48.0,shap
15min/behaviors/shap/bidir/win48.png,.png,41285,15min,bidir,48.0,shap
15min/behaviors/shap/bidir/win64.csv,.csv,398,15min,bidir,64.0,shap
15min/behaviors/shap/bidir/win64.png,.png,37189,15min,bidir,64.0,shap
15min/behaviors/shap/bidir/win672.csv,.csv,403,15min,bidir,672.0,shap
15min/behaviors/shap/bidir/win672.png,.png,41013,15min,bidir,672.0,shap
15min/behaviors/shap/bidir/win8.csv,.csv,406,15min,bidir,8.0,shap
15min/behaviors/shap/bidir/win8.png,.png,37974,15min,bidir,8.0,shap
15min/behaviors/shap/bidir/win96.csv,.csv,406,15min,bidir,96.0,shap
15min/behaviors/shap/bidir/win96.png,.png,40401,15min,bidir,96.0,shap
15min/behaviors/shap/double/win1.csv,.csv,407,15min,double,1.0,shap
15min/behaviors/shap/double/win1.png,.png,38491,15min,double,1.0,shap
15min/behaviors/shap/double/win16.csv,.csv,400,15min,double,16.0,shap
15min/behaviors/shap/double/win16.png,.png,36720,15min,double,16.0,shap
15min/behaviors/shap/double/win24.csv,.csv,403,15min,double,24.0,shap
15min/behaviors/shap/double/win24.png,.png,37133,15min,double,24.0,shap
15min/behaviors/shap/double/win4.csv,.csv,406,15min,double,4.0,shap
15min/behaviors/shap/double/win4.png,.png,37620,15min,double,4.0,shap
15min/behaviors/shap/double/win48.csv,.csv,405,15min,double,48.0,shap
15min/behaviors/shap/double/win48.png,.png,41350,15min,double,48.0,shap
15min/behaviors/shap/double/win64.csv,.csv,404,15min,double,64.0,shap
15min/behaviors/shap/double/win64.png,.png,42022,15min,double,64.0,shap
15min/behaviors/shap/double/win672.csv,.csv,402,15min,double,672.0,shap
15min/behaviors/shap/double/win672.png,.png,40853,15min,double,672.0,shap
15min/behaviors/shap/double/win8.csv,.csv,407,15min,double,8.0,shap
15min/behaviors/shap/double/win8.png,.png,40663,15min,double,8.0,shap
15min/behaviors/shap/double/win96.csv,.csv,400,15min,double,96.0,shap
15min/behaviors/shap/double/win96.png,.png,41258,15min,double,96.0,shap
15min/behaviors/shap/single/win1.csv,.csv,411,15min,single,1.0,shap
15min/behaviors/shap/single/win1.png,.png,37047,15min,single,1.0,shap
15min/behaviors/shap/single/win16.csv,.csv,405,15min,single,16.0,shap
15min/behaviors/shap/single/win16.png,.png,40325,15min,single,16.0,shap
15min/behaviors/shap/single/win24.csv,.csv,405,15min,single,24.0,shap
15min/behaviors/shap/single/win24.png,.png,40418,15min,single,24.0,shap
15min/behaviors/shap/single/win4.csv,.csv,407,15min,single,4.0,shap
15min/behaviors/shap/single/win4.png,.png,39319,15min,single,4.0,shap
15min/behaviors/shap/single/win48.csv,.csv,405,15min,single,48.0,shap
15min/behaviors/shap/single/win48.png,.png,40959,15min,single,48.0,shap
15min/behaviors/shap/single/win64.csv,.csv,405,15min,single,64.0,shap
15min/behaviors/shap/single/win64.png,.png,41140,15min,single,64.0,shap
15min/behaviors/shap/single/win672.csv,.csv,407,15min,single,672.0,shap
15min/behaviors/shap/single/win672.png,.png,40030,15min,single,672.0,shap
15min/behaviors/shap/single/win8.csv,.csv,390,15min,single,8.0,shap
15min/behaviors/shap/single/win8.png,.png,40299,15min,single,8.0,shap
15min/behaviors/shap/single/win96.csv,.csv,404,15min,single,96.0,shap
15min/behaviors/shap/single/win96.png,.png,40337,15min,single,96.0,shap
15min/bidir/history/win16_history.pkl,.pkl,1866,15min,bidir,16.0,history
15min/bidir/history/win1_history.pkl,.pkl,1866,15min,bidir,1.0,history
15min/bidir/history/win24_history.pkl,.pkl,1866,15min,bidir,24.0,history
15min/bidir/history/win48_history.pkl,.pkl,1866,15min,bidir,48.0,history
15min/bidir/history/win4_history.pkl,.pkl,1866,15min,bidir,4.0,history
15min/bidir/history/win64_history.pkl,.pkl,1866,15min,bidir,64.0,history
15min/bidir/history/win672_history.pkl,.pkl,1866,15min,bidir,672.0,history
15min/bidir/history/win8_history.pkl,.pkl,1866,15min,bidir,8.0,history
15min/bidir/history/win96_history.pkl,.pkl,1866,15min,bidir,96.0,history
15min/bidir/models/win1.keras,.keras,499085,15min,bidir,1.0,models
15min/bidir/models/win16.keras,.keras,499093,15min,bidir,16.0,models
15min/bidir/models/win24.keras,.keras,499093,15min,bidir,24.0,models
15min/bidir/models/win4.keras,.keras,499087,15min,bidir,4.0,models
15min/bidir/models/win48.keras,.keras,499073,15min,bidir,48.0,models
15min/bidir/models/win64.keras,.keras,499087,15min,bidir,64.0,models
15min/bidir/models/win672.keras,.keras,499093,15min,bidir,672.0,models
15min/bidir/models/win8.keras,.keras,499087,15min,bidir,8.0,models
15min/bidir/models/win96.keras,.keras,499087,15min,bidir,96.0,models
15min/data.csv,.csv,4206308,15min,,,
15min/double/history/win16_history.pkl,.pkl,1866,15min,double,16.0,history
15min/double/history/win1_history.pkl,.pkl,1866,15min,double,1.0,history
15min/double/history/win24_history.pkl,.pkl,1866,15min,double,24.0,history
15min/double/history/win48_history.pkl,.pkl,1866,15min,double,48.0,history
15min/double/history/win4_history.pkl,.pkl,1866,15min,double,4.0,history
15min/double/history/win64_history.pkl,.pkl,1866,15min,double,64.0,history
15min/double/history/win672_history.pkl,.pkl,1866,15min,double,672.0,history
15min/double/history/win8_history.pkl,.pkl,1866,15min,double,8.0,history
15min/double/history/win96_history.pkl,.pkl,1866,15min,double,96.0,history
15min/double/models/win1.keras,.keras,662069,15min,double,1.0,models
15min/double/models/win16.keras,.keras,662074,15min,double,16.0,models
15min/double/models/win24.keras,.keras,662076,15min,double,24.0,models
15min/double/models/win4.keras,.keras,662069,15min,double,4.0,models
15min/double/models/win48.keras,.keras,662076,15min,double,48.0,models
15min/double/models/win64.keras,.keras,662076,15min,double,64.0,models
15min/double/models/win672.keras,.keras,662085,15min,double,672.0,models
15min/double/models/win8.keras,.keras,662069,15min,double,8.0,models
15min/double/models/win96.keras,.keras,662076,15min,double,96.0,models
15min/plots/correlation.png,.png,116599,15min,,,plots
15min/plots/usage_timeseries.png,.png,96561,15min,,,plots
15min/results_metrics.csv,.csv,2283,15min,,,
15min/scaler.pkl,.pkl,1178,15min,,,
15min/single/history/win16_history.pkl,.pkl,1866,15min,single,16.0,history
15min/single/history/win1_history.pkl,.pkl,1866,15min,single,1.0,history
15min/single/history/win24_history.pkl,.pkl,1866,15min,single,24.0,history
15min/single/history/win48_history.pkl,.pkl,1866,15min,single,48.0,history
15min/single/history/win4_history.pkl,.pkl,1866,15min,single,4.0,history
15min/single/history/win64_history.pkl,.pkl,1866,15min,single,64.0,history
15min/single/history/win672_history.pkl,.pkl,1866,15min,single,672.0,history
15min/single/history/win8_history.pkl,.pkl,1866,15min,single,8.0,history
15min/single/history/win96_history.pkl,.pkl,1866,15min,single,96.0,history
15min/single/models/win1.keras,.keras,257657,15min,single,1.0,models
15min/single/models/win16.keras,.keras,257671,15min,single,16.0,models
15min/single/models/win24.keras,.keras,257671,15min,single,24.0,models
15min/single/models/win4.keras,.keras,257667,15min,single,4.0,models
15min/single/models/win48.keras,.keras,257671,15min,single,48.0,models
15min/single/models/win64.keras,.keras,257671,15min,single,64.0,models
15min/single/models/win672.keras,.keras,257675,15min,single,672.0,models
15min/single/models/win8.keras,.keras,257667,15min,single,8.0,models
15min/single/models/win96.keras,.keras,257671,15min,single,96.0,models
15min/xai/bidir/win16_horizon.png,.png,27351,15min,bidir,16.0,xai
15min/xai/bidir/win16_shap.csv,.csv,391,15min,bidir,16.0,xai
15min/xai/bidir/win1_horizon.png,.png,19997,15min,bidir,1.0,xai
15min/xai/bidir/win1_shap.csv,.csv,403,15min,bidir,1.0,xai
15min/xai/bidir/win24_horizon.png,.png,25559,15min,bidir,24.0,xai
15min/xai/bidir/win24_shap.csv,.csv,406,15min,bidir,24.0,xai
15min/xai/bidir/win48_horizon.png,.png,23210,15min,bidir,48.0,xai
15min/xai/bidir/win48_shap.csv,.csv,402,15min,bidir,48.0,xai
15min/xai/bidir/win4_horizon.png,.png,28294,15min,bidir,4.0,xai
15min/xai/bidir/win4_shap.csv,.csv,404,15min,bidir,4.0,xai
15min/xai/bidir/win64_horizon.png,.png,23337,15min,bidir,64.0,xai
15min/xai/bidir/win64_shap.csv,.csv,404,15min,bidir,64.0,xai
15min/xai/bidir/win672_horizon.png,.png,22034,15min,bidir,672.0,xai
15min/xai/bidir/win672_shap.csv,.csv,404,15min,bidir,672.0,xai
15min/xai/bidir/win8_horizon.png,.png,25966,15min,bidir,8.0,xai
15min/xai/bidir/win8_shap.csv,.csv,407,15min,bidir,8.0,xai
15min/xai/bidir/win96_horizon.png,.png,26160,15min,bidir,96.0,xai
15min/xai/bidir/win96_shap.csv,.csv,403,15min,bidir,96.0,xai
15min/xai/double/win16_horizon.png,.png,25445,15min,double,16.0,xai
15min/xai/double/win16_shap.csv,.csv,406,15min,double,16.0,xai
15min/xai/double/win1_horizon.png,.png,17816,15min,double,1.0,xai
15min/xai/double/win1_shap.csv,.csv,406,15min,double,1.0,xai
15min/xai/double/win24_horizon.png,.png,26077,15min,double,24.0,xai
15min/xai/double/win24_shap.csv,.csv,396,15min,double,24.0,xai
15min/xai/double/win48_horizon.png,.png,23393,15min,double,48.0,xai
15min/xai/double/win48_shap.csv,.csv,404,15min,double,48.0,xai
15min/xai/double/win4_horizon.png,.png,25203,15min,double,4.0,xai
15min/xai/double/win4_shap.csv,.csv,401,15min,double,4.0,xai
15min/xai/double/win64_horizon.png,.png,24239,15min,double,64.0,xai
15min/xai/double/win64_shap.csv,.csv,402,15min,double,64.0,xai
15min/xai/double/win672_horizon.png,.png,21036,15min,double,672.0,xai
15min/xai/double/win672_shap.csv,.csv,402,15min,double,672.0,xai
15min/xai/double/win8_horizon.png,.png,25015,15min,double,8.0,xai
15min/xai/double/win8_shap.csv,.csv,390,15min,double,8.0,xai
15min/xai/double/win96_horizon.png,.png,26508,15min,double,96.0,xai
15min/xai/double/win96_shap.csv,.csv,406,15min,double,96.0,xai
15min/xai/single/win16_horizon.png,.png,27955,15min,single,16.0,xai
15min/xai/single/win16_shap.csv,.csv,405,15min,single,16.0,xai
15min/xai/single/win1_horizon.png,.png,20048,15min,single,1.0,xai
15min/xai/single/win1_shap.csv,.csv,408,15min,single,1.0,xai
15min/xai/single/win24_horizon.png,.png,24397,15min,single,24.0,xai
15min/xai/single/win24_shap.csv,.csv,384,15min,single,24.0,xai
15min/xai/single/win48_horizon.png,.png,23853,15min,single,48.0,xai
15min/xai/single/win48_shap.csv,.csv,404,15min,single,48.0,xai
15min/xai/single/win4_horizon.png,.png,27812,15min,single,4.0,xai
15min/xai/single/win4_shap.csv,.csv,406,15min,single,4.0,xai
15min/xai/single/win64_horizon.png,.png,27123,15min,single,64.0,xai
15min/xai/single/win64_shap.csv,.csv,403,15min,single,64.0,xai
15min/xai/single/win672_horizon.png,.png,22531,15min,single,672.0,xai
15min/xai/single/win672_shap.csv,.csv,405,15min,single,672.0,xai
15min/xai/single/win8_horizon.png,.png,27391,15min,single,8.0,xai
15min/xai/single/win8_shap.csv,.csv,408,15min,single,8.0,xai
15min/xai/single/win96_horizon.png,.png,25293,15min,single,96.0,xai
15min/xai/single/win96_shap.csv,.csv,395,15min,single,96.0,xai
analysis/best_models.json,.json,237,,,,analysis
findings/FINDINGS.md,.md,3186,,,,
findings/file_manifest.csv,.csv,69671,,,,
findings/gaps_report.csv,.csv,1,,,,
findings/lime_spearman_subset.csv,.csv,422,,,,
findings/master_metrics.csv,.csv,24871,,,,
findings/plots/erasure_delta25_heatmap_15min.png,.png,49892,,,,plots
findings/plots/erasure_delta25_heatmap_hourly.png,.png,52802,,,,plots
findings/plots/erasure_mean_curves.png,.png,111621,,,,plots
findings/plots/fidelity_heatmap_15min.png,.png,58423,,,,plots
findings/plots/fidelity_heatmap_hourly.png,.png,59479,,,,plots
findings/plots/ig_compare_win24_hourly.png,.png,74229,,,24.0,plots
findings/plots/ig_compare_win96_15min.png,.png,59876,,,96.0,plots
findings/plots/ig_erasure_scatter.png,.png,64178,,,,plots
findings/plots/ig_facet_key_windows_hourly.png,.png,163994,,,,plots
findings/plots/ig_pattern_counts.png,.png,32997,,,,plots
findings/plots/recency_heatmap_15min.png,.png,60242,,,,plots
findings/plots/recency_heatmap_hourly.png,.png,70176,,,,plots
findings/plots/recency_ratio_by_stack.png,.png,36454,,,,plots
findings/plots/recency_vs_window.png,.png,96804,,,,plots
findings/plots/rmse_heatmap_15min.png,.png,57855,,,,plots
findings/plots/rmse_heatmap_hourly.png,.png,61894,,,,plots
findings/plots/rmse_vs_recency.png,.png,66033,,,,plots
findings/plots/shap_usage_kwh_top1_pct.png,.png,42289,,,,plots
findings/plots/u_shape_by_stack.png,.png,35934,,,,plots
hourly/analysis/analysis_report.md,.md,1789,hourly,,,analysis
hourly/analysis/fidelity_bidir_win168.csv,.csv,302,hourly,,168.0,analysis
hourly/analysis/fidelity_bidir_win24.csv,.csv,269,hourly,,24.0,analysis
hourly/analysis/fidelity_bidir_win8.csv,.csv,272,hourly,,8.0,analysis
hourly/analysis/fidelity_double_win168.csv,.csv,308,hourly,,168.0,analysis
hourly/analysis/fidelity_double_win24.csv,.csv,269,hourly,,24.0,analysis
hourly/analysis/fidelity_double_win8.csv,.csv,269,hourly,,8.0,analysis
hourly/analysis/fidelity_single_win168.csv,.csv,291,hourly,,168.0,analysis
hourly/analysis/fidelity_single_win24.csv,.csv,270,hourly,,24.0,analysis
hourly/analysis/fidelity_single_win8.csv,.csv,265,hourly,,8.0,analysis
hourly/analysis/hidden_states/pca_double_win24.png,.png,39896,hourly,,24.0,analysis
hourly/analysis/hidden_states/tsne_double_win24.png,.png,42740,hourly,,24.0,analysis
hourly/analysis/ig/bidir/win168_heatmap.png,.png,43822,hourly,bidir,168.0,ig
hourly/analysis/ig/bidir/win168_horizon.csv,.csv,2863,hourly,bidir,168.0,ig
hourly/analysis/ig/bidir/win168_horizon.png,.png,34199,hourly,bidir,168.0,ig
hourly/analysis/ig/bidir/win24_heatmap.png,.png,36200,hourly,bidir,24.0,ig
hourly/analysis/ig/bidir/win24_horizon.csv,.csv,398,hourly,bidir,24.0,ig
hourly/analysis/ig/bidir/win24_horizon.png,.png,36008,hourly,bidir,24.0,ig
hourly/analysis/ig/bidir/win8_heatmap.png,.png,30691,hourly,bidir,8.0,ig
hourly/analysis/ig/bidir/win8_horizon.csv,.csv,136,hourly,bidir,8.0,ig
hourly/analysis/ig/bidir/win8_horizon.png,.png,36784,hourly,bidir,8.0,ig
hourly/analysis/ig/double/win168_heatmap.png,.png,43621,hourly,double,168.0,ig
hourly/analysis/ig/double/win168_horizon.csv,.csv,2845,hourly,double,168.0,ig
hourly/analysis/ig/double/win168_horizon.png,.png,33287,hourly,double,168.0,ig
hourly/analysis/ig/double/win24_heatmap.png,.png,37939,hourly,double,24.0,ig
hourly/analysis/ig/double/win24_horizon.csv,.csv,402,hourly,double,24.0,ig
hourly/analysis/ig/double/win24_horizon.png,.png,35382,hourly,double,24.0,ig
hourly/analysis/ig/double/win8_heatmap.png,.png,34048,hourly,double,8.0,ig
hourly/analysis/ig/double/win8_horizon.csv,.csv,135,hourly,double,8.0,ig
hourly/analysis/ig/double/win8_horizon.png,.png,36210,hourly,double,8.0,ig
hourly/analysis/ig/single/win168_heatmap.png,.png,44800,hourly,single,168.0,ig
hourly/analysis/ig/single/win168_horizon.csv,.csv,2863,hourly,single,168.0,ig
hourly/analysis/ig/single/win168_horizon.png,.png,33177,hourly,single,168.0,ig
hourly/analysis/ig/single/win24_heatmap.png,.png,36497,hourly,single,24.0,ig
hourly/analysis/ig/single/win24_horizon.csv,.csv,395,hourly,single,24.0,ig
hourly/analysis/ig/single/win24_horizon.png,.png,35883,hourly,single,24.0,ig
hourly/analysis/ig/single/win8_heatmap.png,.png,30237,hourly,single,8.0,ig
hourly/analysis/ig/single/win8_horizon.csv,.csv,133,hourly,single,8.0,ig
hourly/analysis/ig/single/win8_horizon.png,.png,34561,hourly,single,8.0,ig
hourly/analysis/memory_erasure_bidir_win168.csv,.csv,349,hourly,,168.0,analysis
hourly/analysis/memory_erasure_bidir_win168.png,.png,32695,hourly,,168.0,analysis
hourly/analysis/memory_erasure_bidir_win24.csv,.csv,348,hourly,,24.0,analysis
hourly/analysis/memory_erasure_bidir_win24.png,.png,34153,hourly,,24.0,analysis
hourly/analysis/memory_erasure_bidir_win8.csv,.csv,347,hourly,,8.0,analysis
hourly/analysis/memory_erasure_bidir_win8.png,.png,30647,hourly,,8.0,analysis
hourly/analysis/memory_erasure_double_win168.csv,.csv,345,hourly,,168.0,analysis
hourly/analysis/memory_erasure_double_win168.png,.png,32209,hourly,,168.0,analysis
hourly/analysis/memory_erasure_double_win24.csv,.csv,345,hourly,,24.0,analysis
hourly/analysis/memory_erasure_double_win24.png,.png,29438,hourly,,24.0,analysis
hourly/analysis/memory_erasure_double_win8.csv,.csv,347,hourly,,8.0,analysis
hourly/analysis/memory_erasure_double_win8.png,.png,31405,hourly,,8.0,analysis
hourly/analysis/memory_erasure_single_win168.csv,.csv,341,hourly,,168.0,analysis
hourly/analysis/memory_erasure_single_win168.png,.png,33110,hourly,,168.0,analysis
hourly/analysis/memory_erasure_single_win24.csv,.csv,347,hourly,,24.0,analysis
hourly/analysis/memory_erasure_single_win24.png,.png,26875,hourly,,24.0,analysis
hourly/analysis/memory_erasure_single_win8.csv,.csv,349,hourly,,8.0,analysis
hourly/analysis/memory_erasure_single_win8.png,.png,30201,hourly,,8.0,analysis
hourly/analysis/recomputed_metrics.csv,.csv,6298,hourly,,,analysis
hourly/analysis/xai/bidir/win168_lime.csv,.csv,240,hourly,bidir,168.0,xai
hourly/analysis/xai/bidir/win168_shap.csv,.csv,397,hourly,bidir,168.0,xai
hourly/analysis/xai/bidir/win168_shap_lime_corr.csv,.csv,66,hourly,bidir,168.0,xai
hourly/analysis/xai/bidir/win24_lime.csv,.csv,240,hourly,bidir,24.0,xai
hourly/analysis/xai/bidir/win24_shap.csv,.csv,399,hourly,bidir,24.0,xai
hourly/analysis/xai/bidir/win24_shap_lime_corr.csv,.csv,65,hourly,bidir,24.0,xai
hourly/analysis/xai/bidir/win8_lime.csv,.csv,240,hourly,bidir,8.0,xai
hourly/analysis/xai/bidir/win8_shap.csv,.csv,407,hourly,bidir,8.0,xai
hourly/analysis/xai/bidir/win8_shap_lime_corr.csv,.csv,64,hourly,bidir,8.0,xai
hourly/analysis/xai/double/win168_lime.csv,.csv,240,hourly,double,168.0,xai
hourly/analysis/xai/double/win168_shap.csv,.csv,402,hourly,double,168.0,xai
hourly/analysis/xai/double/win168_shap_lime_corr.csv,.csv,67,hourly,double,168.0,xai
hourly/analysis/xai/double/win24_lime.csv,.csv,240,hourly,double,24.0,xai
hourly/analysis/xai/double/win24_shap.csv,.csv,404,hourly,double,24.0,xai
hourly/analysis/xai/double/win24_shap_lime_corr.csv,.csv,66,hourly,double,24.0,xai
hourly/analysis/xai/double/win8_lime.csv,.csv,240,hourly,double,8.0,xai
hourly/analysis/xai/double/win8_shap.csv,.csv,407,hourly,double,8.0,xai
hourly/analysis/xai/double/win8_shap_lime_corr.csv,.csv,65,hourly,double,8.0,xai
hourly/analysis/xai/single/win168_lime.csv,.csv,240,hourly,single,168.0,xai
hourly/analysis/xai/single/win168_shap.csv,.csv,401,hourly,single,168.0,xai
hourly/analysis/xai/single/win168_shap_lime_corr.csv,.csv,67,hourly,single,168.0,xai
hourly/analysis/xai/single/win24_lime.csv,.csv,240,hourly,single,24.0,xai
hourly/analysis/xai/single/win24_shap.csv,.csv,404,hourly,single,24.0,xai
hourly/analysis/xai/single/win24_shap_lime_corr.csv,.csv,66,hourly,single,24.0,xai
hourly/analysis/xai/single/win8_lime.csv,.csv,240,hourly,single,8.0,xai
hourly/analysis/xai/single/win8_shap.csv,.csv,406,hourly,single,8.0,xai
hourly/analysis/xai/single/win8_shap_lime_corr.csv,.csv,65,hourly,single,8.0,xai
hourly/behaviors/compare_ig_win24.png,.png,56864,hourly,,24.0,
hourly/behaviors/erasure/bidir/win1.csv,.csv,110,hourly,bidir,1.0,erasure
hourly/behaviors/erasure/bidir/win1.png,.png,21691,hourly,bidir,1.0,erasure
hourly/behaviors/erasure/bidir/win12.csv,.csv,109,hourly,bidir,12.0,erasure
hourly/behaviors/erasure/bidir/win12.png,.png,24853,hourly,bidir,12.0,erasure
hourly/behaviors/erasure/bidir/win16.csv,.csv,109,hourly,bidir,16.0,erasure
hourly/behaviors/erasure/bidir/win16.png,.png,25794,hourly,bidir,16.0,erasure
hourly/behaviors/erasure/bidir/win168.csv,.csv,110,hourly,bidir,168.0,erasure
hourly/behaviors/erasure/bidir/win168.png,.png,24401,hourly,bidir,168.0,erasure
hourly/behaviors/erasure/bidir/win24.csv,.csv,109,hourly,bidir,24.0,erasure
hourly/behaviors/erasure/bidir/win24.png,.png,24854,hourly,bidir,24.0,erasure
hourly/behaviors/erasure/bidir/win336.csv,.csv,110,hourly,bidir,336.0,erasure
hourly/behaviors/erasure/bidir/win336.png,.png,25165,hourly,bidir,336.0,erasure
hourly/behaviors/erasure/bidir/win36.csv,.csv,109,hourly,bidir,36.0,erasure
hourly/behaviors/erasure/bidir/win36.png,.png,27340,hourly,bidir,36.0,erasure
hourly/behaviors/erasure/bidir/win4.csv,.csv,109,hourly,bidir,4.0,erasure
hourly/behaviors/erasure/bidir/win4.png,.png,25199,hourly,bidir,4.0,erasure
hourly/behaviors/erasure/bidir/win48.csv,.csv,109,hourly,bidir,48.0,erasure
hourly/behaviors/erasure/bidir/win48.png,.png,28380,hourly,bidir,48.0,erasure
hourly/behaviors/erasure/bidir/win672.csv,.csv,110,hourly,bidir,672.0,erasure
hourly/behaviors/erasure/bidir/win672.png,.png,24682,hourly,bidir,672.0,erasure
hourly/behaviors/erasure/bidir/win74.csv,.csv,107,hourly,bidir,74.0,erasure
hourly/behaviors/erasure/bidir/win74.png,.png,27525,hourly,bidir,74.0,erasure
hourly/behaviors/erasure/bidir/win8.csv,.csv,109,hourly,bidir,8.0,erasure
hourly/behaviors/erasure/bidir/win8.png,.png,25158,hourly,bidir,8.0,erasure
hourly/behaviors/erasure/double/win1.csv,.csv,110,hourly,double,1.0,erasure
hourly/behaviors/erasure/double/win1.png,.png,22375,hourly,double,1.0,erasure
hourly/behaviors/erasure/double/win12.csv,.csv,109,hourly,double,12.0,erasure
hourly/behaviors/erasure/double/win12.png,.png,25624,hourly,double,12.0,erasure
hourly/behaviors/erasure/double/win16.csv,.csv,107,hourly,double,16.0,erasure
hourly/behaviors/erasure/double/win16.png,.png,25427,hourly,double,16.0,erasure
hourly/behaviors/erasure/double/win168.csv,.csv,104,hourly,double,168.0,erasure
hourly/behaviors/erasure/double/win168.png,.png,28582,hourly,double,168.0,erasure
hourly/behaviors/erasure/double/win24.csv,.csv,106,hourly,double,24.0,erasure
hourly/behaviors/erasure/double/win24.png,.png,25745,hourly,double,24.0,erasure
hourly/behaviors/erasure/double/win336.csv,.csv,104,hourly,double,336.0,erasure
hourly/behaviors/erasure/double/win336.png,.png,27590,hourly,double,336.0,erasure
hourly/behaviors/erasure/double/win36.csv,.csv,105,hourly,double,36.0,erasure
hourly/behaviors/erasure/double/win36.png,.png,25942,hourly,double,36.0,erasure
hourly/behaviors/erasure/double/win4.csv,.csv,108,hourly,double,4.0,erasure
hourly/behaviors/erasure/double/win4.png,.png,25639,hourly,double,4.0,erasure
hourly/behaviors/erasure/double/win48.csv,.csv,108,hourly,double,48.0,erasure
hourly/behaviors/erasure/double/win48.png,.png,27544,hourly,double,48.0,erasure
hourly/behaviors/erasure/double/win672.csv,.csv,109,hourly,double,672.0,erasure
hourly/behaviors/erasure/double/win672.png,.png,31117,hourly,double,672.0,erasure
hourly/behaviors/erasure/double/win74.csv,.csv,106,hourly,double,74.0,erasure
hourly/behaviors/erasure/double/win74.png,.png,26712,hourly,double,74.0,erasure
hourly/behaviors/erasure/double/win8.csv,.csv,108,hourly,double,8.0,erasure
hourly/behaviors/erasure/double/win8.png,.png,23790,hourly,double,8.0,erasure
hourly/behaviors/erasure/single/win1.csv,.csv,110,hourly,single,1.0,erasure
hourly/behaviors/erasure/single/win1.png,.png,22013,hourly,single,1.0,erasure
hourly/behaviors/erasure/single/win12.csv,.csv,109,hourly,single,12.0,erasure
hourly/behaviors/erasure/single/win12.png,.png,26469,hourly,single,12.0,erasure
hourly/behaviors/erasure/single/win16.csv,.csv,109,hourly,single,16.0,erasure
hourly/behaviors/erasure/single/win16.png,.png,25624,hourly,single,16.0,erasure
hourly/behaviors/erasure/single/win168.csv,.csv,106,hourly,single,168.0,erasure
hourly/behaviors/erasure/single/win168.png,.png,29208,hourly,single,168.0,erasure
hourly/behaviors/erasure/single/win24.csv,.csv,108,hourly,single,24.0,erasure
hourly/behaviors/erasure/single/win24.png,.png,25185,hourly,single,24.0,erasure
hourly/behaviors/erasure/single/win336.csv,.csv,106,hourly,single,336.0,erasure
hourly/behaviors/erasure/single/win336.png,.png,28340,hourly,single,336.0,erasure
hourly/behaviors/erasure/single/win36.csv,.csv,106,hourly,single,36.0,erasure
hourly/behaviors/erasure/single/win36.png,.png,27049,hourly,single,36.0,erasure
hourly/behaviors/erasure/single/win4.csv,.csv,108,hourly,single,4.0,erasure
hourly/behaviors/erasure/single/win4.png,.png,25157,hourly,single,4.0,erasure
hourly/behaviors/erasure/single/win48.csv,.csv,107,hourly,single,48.0,erasure
hourly/behaviors/erasure/single/win48.png,.png,26094,hourly,single,48.0,erasure
hourly/behaviors/erasure/single/win672.csv,.csv,110,hourly,single,672.0,erasure
hourly/behaviors/erasure/single/win672.png,.png,34323,hourly,single,672.0,erasure
hourly/behaviors/erasure/single/win74.csv,.csv,105,hourly,single,74.0,erasure
hourly/behaviors/erasure/single/win74.png,.png,29987,hourly,single,74.0,erasure
hourly/behaviors/erasure/single/win8.csv,.csv,108,hourly,single,8.0,erasure
hourly/behaviors/erasure/single/win8.png,.png,26117,hourly,single,8.0,erasure
hourly/behaviors/fidelity/bidir/win1.csv,.csv,193,hourly,bidir,1.0,fidelity
hourly/behaviors/fidelity/bidir/win1.png,.png,31371,hourly,bidir,1.0,fidelity
hourly/behaviors/fidelity/bidir/win12.csv,.csv,166,hourly,bidir,12.0,fidelity
hourly/behaviors/fidelity/bidir/win12.png,.png,23028,hourly,bidir,12.0,fidelity
hourly/behaviors/fidelity/bidir/win16.csv,.csv,169,hourly,bidir,16.0,fidelity
hourly/behaviors/fidelity/bidir/win16.png,.png,24046,hourly,bidir,16.0,fidelity
hourly/behaviors/fidelity/bidir/win168.csv,.csv,187,hourly,bidir,168.0,fidelity
hourly/behaviors/fidelity/bidir/win168.png,.png,29305,hourly,bidir,168.0,fidelity
hourly/behaviors/fidelity/bidir/win24.csv,.csv,193,hourly,bidir,24.0,fidelity
hourly/behaviors/fidelity/bidir/win24.png,.png,31680,hourly,bidir,24.0,fidelity
hourly/behaviors/fidelity/bidir/win336.csv,.csv,161,hourly,bidir,336.0,fidelity
hourly/behaviors/fidelity/bidir/win336.png,.png,20823,hourly,bidir,336.0,fidelity
hourly/behaviors/fidelity/bidir/win36.csv,.csv,198,hourly,bidir,36.0,fidelity
hourly/behaviors/fidelity/bidir/win36.png,.png,32115,hourly,bidir,36.0,fidelity
hourly/behaviors/fidelity/bidir/win4.csv,.csv,169,hourly,bidir,4.0,fidelity
hourly/behaviors/fidelity/bidir/win4.png,.png,23497,hourly,bidir,4.0,fidelity
hourly/behaviors/fidelity/bidir/win48.csv,.csv,166,hourly,bidir,48.0,fidelity
hourly/behaviors/fidelity/bidir/win48.png,.png,23986,hourly,bidir,48.0,fidelity
hourly/behaviors/fidelity/bidir/win672.csv,.csv,196,hourly,bidir,672.0,fidelity
hourly/behaviors/fidelity/bidir/win672.png,.png,32288,hourly,bidir,672.0,fidelity
hourly/behaviors/fidelity/bidir/win74.csv,.csv,164,hourly,bidir,74.0,fidelity
hourly/behaviors/fidelity/bidir/win74.png,.png,22866,hourly,bidir,74.0,fidelity
hourly/behaviors/fidelity/bidir/win8.csv,.csv,168,hourly,bidir,8.0,fidelity
hourly/behaviors/fidelity/bidir/win8.png,.png,23325,hourly,bidir,8.0,fidelity
hourly/behaviors/fidelity/double/win1.csv,.csv,170,hourly,double,1.0,fidelity
hourly/behaviors/fidelity/double/win1.png,.png,24679,hourly,double,1.0,fidelity
hourly/behaviors/fidelity/double/win12.csv,.csv,198,hourly,double,12.0,fidelity
hourly/behaviors/fidelity/double/win12.png,.png,32321,hourly,double,12.0,fidelity
hourly/behaviors/fidelity/double/win16.csv,.csv,168,hourly,double,16.0,fidelity
hourly/behaviors/fidelity/double/win16.png,.png,24723,hourly,double,16.0,fidelity
hourly/behaviors/fidelity/double/win168.csv,.csv,184,hourly,double,168.0,fidelity
hourly/behaviors/fidelity/double/win168.png,.png,29775,hourly,double,168.0,fidelity
hourly/behaviors/fidelity/double/win24.csv,.csv,185,hourly,double,24.0,fidelity
hourly/behaviors/fidelity/double/win24.png,.png,29199,hourly,double,24.0,fidelity
hourly/behaviors/fidelity/double/win336.csv,.csv,183,hourly,double,336.0,fidelity
hourly/behaviors/fidelity/double/win336.png,.png,29844,hourly,double,336.0,fidelity
hourly/behaviors/fidelity/double/win36.csv,.csv,158,hourly,double,36.0,fidelity
hourly/behaviors/fidelity/double/win36.png,.png,21561,hourly,double,36.0,fidelity
hourly/behaviors/fidelity/double/win4.csv,.csv,167,hourly,double,4.0,fidelity
hourly/behaviors/fidelity/double/win4.png,.png,24064,hourly,double,4.0,fidelity
hourly/behaviors/fidelity/double/win48.csv,.csv,161,hourly,double,48.0,fidelity
hourly/behaviors/fidelity/double/win48.png,.png,21432,hourly,double,48.0,fidelity
hourly/behaviors/fidelity/double/win672.csv,.csv,215,hourly,double,672.0,fidelity
hourly/behaviors/fidelity/double/win672.png,.png,37903,hourly,double,672.0,fidelity
hourly/behaviors/fidelity/double/win74.csv,.csv,177,hourly,double,74.0,fidelity
hourly/behaviors/fidelity/double/win74.png,.png,27059,hourly,double,74.0,fidelity
hourly/behaviors/fidelity/double/win8.csv,.csv,166,hourly,double,8.0,fidelity
hourly/behaviors/fidelity/double/win8.png,.png,23789,hourly,double,8.0,fidelity
hourly/behaviors/fidelity/single/win1.csv,.csv,195,hourly,single,1.0,fidelity
hourly/behaviors/fidelity/single/win1.png,.png,32064,hourly,single,1.0,fidelity
hourly/behaviors/fidelity/single/win12.csv,.csv,162,hourly,single,12.0,fidelity
hourly/behaviors/fidelity/single/win12.png,.png,21687,hourly,single,12.0,fidelity
hourly/behaviors/fidelity/single/win16.csv,.csv,211,hourly,single,16.0,fidelity
hourly/behaviors/fidelity/single/win16.png,.png,37509,hourly,single,16.0,fidelity
hourly/behaviors/fidelity/single/win168.csv,.csv,178,hourly,single,168.0,fidelity
hourly/behaviors/fidelity/single/win168.png,.png,27776,hourly,single,168.0,fidelity
hourly/behaviors/fidelity/single/win24.csv,.csv,164,hourly,single,24.0,fidelity
hourly/behaviors/fidelity/single/win24.png,.png,23700,hourly,single,24.0,fidelity
hourly/behaviors/fidelity/single/win336.csv,.csv,179,hourly,single,336.0,fidelity
hourly/behaviors/fidelity/single/win336.png,.png,27877,hourly,single,336.0,fidelity
hourly/behaviors/fidelity/single/win36.csv,.csv,161,hourly,single,36.0,fidelity
hourly/behaviors/fidelity/single/win36.png,.png,21903,hourly,single,36.0,fidelity
hourly/behaviors/fidelity/single/win4.csv,.csv,169,hourly,single,4.0,fidelity
hourly/behaviors/fidelity/single/win4.png,.png,23986,hourly,single,4.0,fidelity
hourly/behaviors/fidelity/single/win48.csv,.csv,159,hourly,single,48.0,fidelity
hourly/behaviors/fidelity/single/win48.png,.png,22039,hourly,single,48.0,fidelity
hourly/behaviors/fidelity/single/win672.csv,.csv,217,hourly,single,672.0,fidelity
hourly/behaviors/fidelity/single/win672.png,.png,38117,hourly,single,672.0,fidelity
hourly/behaviors/fidelity/single/win74.csv,.csv,211,hourly,single,74.0,fidelity
hourly/behaviors/fidelity/single/win74.png,.png,37649,hourly,single,74.0,fidelity
hourly/behaviors/fidelity/single/win8.csv,.csv,162,hourly,single,8.0,fidelity
hourly/behaviors/fidelity/single/win8.png,.png,23688,hourly,single,8.0,fidelity
hourly/behaviors/hidden_states_pca.png,.png,39896,hourly,,,
hourly/behaviors/ig/bidir/win1.csv,.csv,33,hourly,bidir,1.0,ig
hourly/behaviors/ig/bidir/win1.png,.png,22338,hourly,bidir,1.0,ig
hourly/behaviors/ig/bidir/win12.csv,.csv,200,hourly,bidir,12.0,ig
hourly/behaviors/ig/bidir/win12.png,.png,34472,hourly,bidir,12.0,ig
hourly/behaviors/ig/bidir/win16.csv,.csv,265,hourly,bidir,16.0,ig
hourly/behaviors/ig/bidir/win16.png,.png,30507,hourly,bidir,16.0,ig
hourly/behaviors/ig/bidir/win168.csv,.csv,2864,hourly,bidir,168.0,ig
hourly/behaviors/ig/bidir/win168.png,.png,28792,hourly,bidir,168.0,ig
hourly/behaviors/ig/bidir/win24.csv,.csv,399,hourly,bidir,24.0,ig
hourly/behaviors/ig/bidir/win24.png,.png,34636,hourly,bidir,24.0,ig
hourly/behaviors/ig/bidir/win336.csv,.csv,5822,hourly,bidir,336.0,ig
hourly/behaviors/ig/bidir/win336.png,.png,28032,hourly,bidir,336.0,ig
hourly/behaviors/ig/bidir/win36.csv,.csv,590,hourly,bidir,36.0,ig
hourly/behaviors/ig/bidir/win36.png,.png,30413,hourly,bidir,36.0,ig
hourly/behaviors/ig/bidir/win4.csv,.csv,76,hourly,bidir,4.0,ig
hourly/behaviors/ig/bidir/win4.png,.png,33784,hourly,bidir,4.0,ig
hourly/behaviors/ig/bidir/win48.csv,.csv,800,hourly,bidir,48.0,ig
hourly/behaviors/ig/bidir/win48.png,.png,29956,hourly,bidir,48.0,ig
hourly/behaviors/ig/bidir/win672.csv,.csv,11781,hourly,bidir,672.0,ig
hourly/behaviors/ig/bidir/win672.png,.png,28772,hourly,bidir,672.0,ig
hourly/behaviors/ig/bidir/win74.csv,.csv,1224,hourly,bidir,74.0,ig
hourly/behaviors/ig/bidir/win74.png,.png,28233,hourly,bidir,74.0,ig
hourly/behaviors/ig/bidir/win8.csv,.csv,137,hourly,bidir,8.0,ig
hourly/behaviors/ig/bidir/win8.png,.png,34923,hourly,bidir,8.0,ig
hourly/behaviors/ig/double/win1.csv,.csv,32,hourly,double,1.0,ig
hourly/behaviors/ig/double/win1.png,.png,24481,hourly,double,1.0,ig
hourly/behaviors/ig/double/win12.csv,.csv,198,hourly,double,12.0,ig
hourly/behaviors/ig/double/win12.png,.png,33683,hourly,double,12.0,ig
hourly/behaviors/ig/double/win16.csv,.csv,267,hourly,double,16.0,ig
hourly/behaviors/ig/double/win16.png,.png,31526,hourly,double,16.0,ig
hourly/behaviors/ig/double/win168.csv,.csv,2846,hourly,double,168.0,ig
hourly/behaviors/ig/double/win168.png,.png,28150,hourly,double,168.0,ig
hourly/behaviors/ig/double/win24.csv,.csv,403,hourly,double,24.0,ig
hourly/behaviors/ig/double/win24.png,.png,29878,hourly,double,24.0,ig
hourly/behaviors/ig/double/win336.csv,.csv,5830,hourly,double,336.0,ig
hourly/behaviors/ig/double/win336.png,.png,27233,hourly,double,336.0,ig
hourly/behaviors/ig/double/win36.csv,.csv,596,hourly,double,36.0,ig
hourly/behaviors/ig/double/win36.png,.png,33904,hourly,double,36.0,ig
hourly/behaviors/ig/double/win4.csv,.csv,74,hourly,double,4.0,ig
hourly/behaviors/ig/double/win4.png,.png,36186,hourly,double,4.0,ig
hourly/behaviors/ig/double/win48.csv,.csv,798,hourly,double,48.0,ig
hourly/behaviors/ig/double/win48.png,.png,30249,hourly,double,48.0,ig
hourly/behaviors/ig/double/win672.csv,.csv,11764,hourly,double,672.0,ig
hourly/behaviors/ig/double/win672.png,.png,28374,hourly,double,672.0,ig
hourly/behaviors/ig/double/win74.csv,.csv,1240,hourly,double,74.0,ig
hourly/behaviors/ig/double/win74.png,.png,28611,hourly,double,74.0,ig
hourly/behaviors/ig/double/win8.csv,.csv,136,hourly,double,8.0,ig
hourly/behaviors/ig/double/win8.png,.png,35501,hourly,double,8.0,ig
hourly/behaviors/ig/single/win1.csv,.csv,32,hourly,single,1.0,ig
hourly/behaviors/ig/single/win1.png,.png,29762,hourly,single,1.0,ig
hourly/behaviors/ig/single/win12.csv,.csv,197,hourly,single,12.0,ig
hourly/behaviors/ig/single/win12.png,.png,35778,hourly,single,12.0,ig
hourly/behaviors/ig/single/win16.csv,.csv,267,hourly,single,16.0,ig
hourly/behaviors/ig/single/win16.png,.png,35550,hourly,single,16.0,ig
hourly/behaviors/ig/single/win168.csv,.csv,2864,hourly,single,168.0,ig
hourly/behaviors/ig/single/win168.png,.png,28173,hourly,single,168.0,ig
hourly/behaviors/ig/single/win24.csv,.csv,396,hourly,single,24.0,ig
hourly/behaviors/ig/single/win24.png,.png,30179,hourly,single,24.0,ig
hourly/behaviors/ig/single/win336.csv,.csv,5824,hourly,single,336.0,ig
hourly/behaviors/ig/single/win336.png,.png,27680,hourly,single,336.0,ig
hourly/behaviors/ig/single/win36.csv,.csv,597,hourly,single,36.0,ig
hourly/behaviors/ig/single/win36.png,.png,30048,hourly,single,36.0,ig
hourly/behaviors/ig/single/win4.csv,.csv,74,hourly,single,4.0,ig
hourly/behaviors/ig/single/win4.png,.png,35787,hourly,single,4.0,ig
hourly/behaviors/ig/single/win48.csv,.csv,796,hourly,single,48.0,ig
hourly/behaviors/ig/single/win48.png,.png,29155,hourly,single,48.0,ig
hourly/behaviors/ig/single/win672.csv,.csv,11751,hourly,single,672.0,ig
hourly/behaviors/ig/single/win672.png,.png,28781,hourly,single,672.0,ig
hourly/behaviors/ig/single/win74.csv,.csv,1236,hourly,single,74.0,ig
hourly/behaviors/ig/single/win74.png,.png,27754,hourly,single,74.0,ig
hourly/behaviors/ig/single/win8.csv,.csv,134,hourly,single,8.0,ig
hourly/behaviors/ig/single/win8.png,.png,34056,hourly,single,8.0,ig
hourly/behaviors/shap/bidir/win1.csv,.csv,404,hourly,bidir,1.0,shap
hourly/behaviors/shap/bidir/win1.png,.png,39534,hourly,bidir,1.0,shap
hourly/behaviors/shap/bidir/win12.csv,.csv,406,hourly,bidir,12.0,shap
hourly/behaviors/shap/bidir/win12.png,.png,40047,hourly,bidir,12.0,shap
hourly/behaviors/shap/bidir/win16.csv,.csv,404,hourly,bidir,16.0,shap
hourly/behaviors/shap/bidir/win16.png,.png,35907,hourly,bidir,16.0,shap
hourly/behaviors/shap/bidir/win168.csv,.csv,400,hourly,bidir,168.0,shap
hourly/behaviors/shap/bidir/win168.png,.png,37290,hourly,bidir,168.0,shap
hourly/behaviors/shap/bidir/win24.csv,.csv,404,hourly,bidir,24.0,shap
hourly/behaviors/shap/bidir/win24.png,.png,37894,hourly,bidir,24.0,shap
hourly/behaviors/shap/bidir/win336.csv,.csv,401,hourly,bidir,336.0,shap
hourly/behaviors/shap/bidir/win336.png,.png,34120,hourly,bidir,336.0,shap
hourly/behaviors/shap/bidir/win36.csv,.csv,398,hourly,bidir,36.0,shap
hourly/behaviors/shap/bidir/win36.png,.png,40913,hourly,bidir,36.0,shap
hourly/behaviors/shap/bidir/win4.csv,.csv,407,hourly,bidir,4.0,shap
hourly/behaviors/shap/bidir/win4.png,.png,35157,hourly,bidir,4.0,shap
hourly/behaviors/shap/bidir/win48.csv,.csv,402,hourly,bidir,48.0,shap
hourly/behaviors/shap/bidir/win48.png,.png,37652,hourly,bidir,48.0,shap
hourly/behaviors/shap/bidir/win672.csv,.csv,404,hourly,bidir,672.0,shap
hourly/behaviors/shap/bidir/win672.png,.png,38381,hourly,bidir,672.0,shap
hourly/behaviors/shap/bidir/win74.csv,.csv,402,hourly,bidir,74.0,shap
hourly/behaviors/shap/bidir/win74.png,.png,40536,hourly,bidir,74.0,shap
hourly/behaviors/shap/bidir/win8.csv,.csv,406,hourly,bidir,8.0,shap
hourly/behaviors/shap/bidir/win8.png,.png,34678,hourly,bidir,8.0,shap
hourly/behaviors/shap/double/win1.csv,.csv,407,hourly,double,1.0,shap
hourly/behaviors/shap/double/win1.png,.png,40704,hourly,double,1.0,shap
hourly/behaviors/shap/double/win12.csv,.csv,407,hourly,double,12.0,shap
hourly/behaviors/shap/double/win12.png,.png,40119,hourly,double,12.0,shap
hourly/behaviors/shap/double/win16.csv,.csv,406,hourly,double,16.0,shap
hourly/behaviors/shap/double/win16.png,.png,37778,hourly,double,16.0,shap
hourly/behaviors/shap/double/win168.csv,.csv,403,hourly,double,168.0,shap
hourly/behaviors/shap/double/win168.png,.png,38422,hourly,double,168.0,shap
hourly/behaviors/shap/double/win24.csv,.csv,402,hourly,double,24.0,shap
hourly/behaviors/shap/double/win24.png,.png,40240,hourly,double,24.0,shap
hourly/behaviors/shap/double/win336.csv,.csv,388,hourly,double,336.0,shap
hourly/behaviors/shap/double/win336.png,.png,41582,hourly,double,336.0,shap
hourly/behaviors/shap/double/win36.csv,.csv,403,hourly,double,36.0,shap
hourly/behaviors/shap/double/win36.png,.png,40647,hourly,double,36.0,shap
hourly/behaviors/shap/double/win4.csv,.csv,405,hourly,double,4.0,shap
hourly/behaviors/shap/double/win4.png,.png,36629,hourly,double,4.0,shap
hourly/behaviors/shap/double/win48.csv,.csv,401,hourly,double,48.0,shap
hourly/behaviors/shap/double/win48.png,.png,36726,hourly,double,48.0,shap
hourly/behaviors/shap/double/win672.csv,.csv,403,hourly,double,672.0,shap
hourly/behaviors/shap/double/win672.png,.png,40210,hourly,double,672.0,shap
hourly/behaviors/shap/double/win74.csv,.csv,394,hourly,double,74.0,shap
hourly/behaviors/shap/double/win74.png,.png,39085,hourly,double,74.0,shap
hourly/behaviors/shap/double/win8.csv,.csv,407,hourly,double,8.0,shap
hourly/behaviors/shap/double/win8.png,.png,34863,hourly,double,8.0,shap
hourly/behaviors/shap/single/win1.csv,.csv,405,hourly,single,1.0,shap
hourly/behaviors/shap/single/win1.png,.png,40059,hourly,single,1.0,shap
hourly/behaviors/shap/single/win12.csv,.csv,404,hourly,single,12.0,shap
hourly/behaviors/shap/single/win12.png,.png,39930,hourly,single,12.0,shap
hourly/behaviors/shap/single/win16.csv,.csv,399,hourly,single,16.0,shap
hourly/behaviors/shap/single/win16.png,.png,39122,hourly,single,16.0,shap
hourly/behaviors/shap/single/win168.csv,.csv,399,hourly,single,168.0,shap
hourly/behaviors/shap/single/win168.png,.png,41577,hourly,single,168.0,shap
hourly/behaviors/shap/single/win24.csv,.csv,406,hourly,single,24.0,shap
hourly/behaviors/shap/single/win24.png,.png,38025,hourly,single,24.0,shap
hourly/behaviors/shap/single/win336.csv,.csv,399,hourly,single,336.0,shap
hourly/behaviors/shap/single/win336.png,.png,41497,hourly,single,336.0,shap
hourly/behaviors/shap/single/win36.csv,.csv,400,hourly,single,36.0,shap
hourly/behaviors/shap/single/win36.png,.png,36642,hourly,single,36.0,shap
hourly/behaviors/shap/single/win4.csv,.csv,405,hourly,single,4.0,shap
hourly/behaviors/shap/single/win4.png,.png,37759,hourly,single,4.0,shap
hourly/behaviors/shap/single/win48.csv,.csv,402,hourly,single,48.0,shap
hourly/behaviors/shap/single/win48.png,.png,36609,hourly,single,48.0,shap
hourly/behaviors/shap/single/win672.csv,.csv,399,hourly,single,672.0,shap
hourly/behaviors/shap/single/win672.png,.png,41308,hourly,single,672.0,shap
hourly/behaviors/shap/single/win74.csv,.csv,398,hourly,single,74.0,shap
hourly/behaviors/shap/single/win74.png,.png,40748,hourly,single,74.0,shap
hourly/behaviors/shap/single/win8.csv,.csv,406,hourly,single,8.0,shap
hourly/behaviors/shap/single/win8.png,.png,37626,hourly,single,8.0,shap
hourly/bidir/history/win12_history.pkl,.pkl,1866,hourly,bidir,12.0,history
hourly/bidir/history/win168_history.pkl,.pkl,1866,hourly,bidir,168.0,history
hourly/bidir/history/win16_history.pkl,.pkl,1866,hourly,bidir,16.0,history
hourly/bidir/history/win1_history.pkl,.pkl,1866,hourly,bidir,1.0,history
hourly/bidir/history/win24_history.pkl,.pkl,1866,hourly,bidir,24.0,history
hourly/bidir/history/win336_history.pkl,.pkl,1866,hourly,bidir,336.0,history
hourly/bidir/history/win36_history.pkl,.pkl,1866,hourly,bidir,36.0,history
hourly/bidir/history/win48_history.pkl,.pkl,1866,hourly,bidir,48.0,history
hourly/bidir/history/win4_history.pkl,.pkl,1866,hourly,bidir,4.0,history
hourly/bidir/history/win672_history.pkl,.pkl,1866,hourly,bidir,672.0,history
hourly/bidir/history/win74_history.pkl,.pkl,1866,hourly,bidir,74.0,history
hourly/bidir/history/win8_history.pkl,.pkl,1866,hourly,bidir,8.0,history
hourly/bidir/models/win1.keras,.keras,499085,hourly,bidir,1.0,models
hourly/bidir/models/win12.keras,.keras,499093,hourly,bidir,12.0,models
hourly/bidir/models/win16.keras,.keras,499093,hourly,bidir,16.0,models
hourly/bidir/models/win168.keras,.keras,499099,hourly,bidir,168.0,models
hourly/bidir/models/win24.keras,.keras,499093,hourly,bidir,24.0,models
hourly/bidir/models/win336.keras,.keras,499100,hourly,bidir,336.0,models
hourly/bidir/models/win36.keras,.keras,499093,hourly,bidir,36.0,models
hourly/bidir/models/win4.keras,.keras,499087,hourly,bidir,4.0,models
hourly/bidir/models/win48.keras,.keras,499093,hourly,bidir,48.0,models
hourly/bidir/models/win672.keras,.keras,499100,hourly,bidir,672.0,models
hourly/bidir/models/win74.keras,.keras,499093,hourly,bidir,74.0,models
hourly/bidir/models/win8.keras,.keras,499087,hourly,bidir,8.0,models
hourly/data.csv,.csv,1113770,hourly,,,
hourly/double/history/win12_history.pkl,.pkl,1866,hourly,double,12.0,history
hourly/double/history/win168_history.pkl,.pkl,1866,hourly,double,168.0,history
hourly/double/history/win16_history.pkl,.pkl,1866,hourly,double,16.0,history
hourly/double/history/win1_history.pkl,.pkl,1866,hourly,double,1.0,history
hourly/double/history/win24_history.pkl,.pkl,1866,hourly,double,24.0,history
hourly/double/history/win336_history.pkl,.pkl,1866,hourly,double,336.0,history
hourly/double/history/win36_history.pkl,.pkl,1866,hourly,double,36.0,history
hourly/double/history/win48_history.pkl,.pkl,1866,hourly,double,48.0,history
hourly/double/history/win4_history.pkl,.pkl,1866,hourly,double,4.0,history
hourly/double/history/win672_history.pkl,.pkl,1866,hourly,double,672.0,history
hourly/double/history/win74_history.pkl,.pkl,1866,hourly,double,74.0,history
hourly/double/history/win8_history.pkl,.pkl,1866,hourly,double,8.0,history
hourly/double/models/win1.keras,.keras,662075,hourly,double,1.0,models
hourly/double/models/win12.keras,.keras,662080,hourly,double,12.0,models
hourly/double/models/win16.keras,.keras,662080,hourly,double,16.0,models
hourly/double/models/win168.keras,.keras,662085,hourly,double,168.0,models
hourly/double/models/win24.keras,.keras,662080,hourly,double,24.0,models
hourly/double/models/win336.keras,.keras,662085,hourly,double,336.0,models
hourly/double/models/win36.keras,.keras,662080,hourly,double,36.0,models
hourly/double/models/win4.keras,.keras,662075,hourly,double,4.0,models
hourly/double/models/win48.keras,.keras,662080,hourly,double,48.0,models
hourly/double/models/win672.keras,.keras,662085,hourly,double,672.0,models
hourly/double/models/win74.keras,.keras,662080,hourly,double,74.0,models
hourly/double/models/win8.keras,.keras,662075,hourly,double,8.0,models
hourly/plots/correlation.png,.png,116599,hourly,,,plots
hourly/plots/usage_timeseries.png,.png,96561,hourly,,,plots
hourly/results_metrics.csv,.csv,3053,hourly,,,
hourly/scaler.pkl,.pkl,1178,hourly,,,
hourly/single/history/win12_history.pkl,.pkl,1866,hourly,single,12.0,history
hourly/single/history/win168_history.pkl,.pkl,1866,hourly,single,168.0,history
hourly/single/history/win16_history.pkl,.pkl,1866,hourly,single,16.0,history
hourly/single/history/win1_history.pkl,.pkl,1866,hourly,single,1.0,history
hourly/single/history/win24_history.pkl,.pkl,1866,hourly,single,24.0,history
hourly/single/history/win336_history.pkl,.pkl,1866,hourly,single,336.0,history
hourly/single/history/win36_history.pkl,.pkl,1866,hourly,single,36.0,history
hourly/single/history/win48_history.pkl,.pkl,1866,hourly,single,48.0,history
hourly/single/history/win4_history.pkl,.pkl,1866,hourly,single,4.0,history
hourly/single/history/win672_history.pkl,.pkl,1866,hourly,single,672.0,history
hourly/single/history/win74_history.pkl,.pkl,1866,hourly,single,74.0,history
hourly/single/history/win8_history.pkl,.pkl,1866,hourly,single,8.0,history
hourly/single/models/win1.keras,.keras,257657,hourly,single,1.0,models
hourly/single/models/win12.keras,.keras,257671,hourly,single,12.0,models
hourly/single/models/win16.keras,.keras,257671,hourly,single,16.0,models
hourly/single/models/win168.keras,.keras,257675,hourly,single,168.0,models
hourly/single/models/win24.keras,.keras,257671,hourly,single,24.0,models
hourly/single/models/win336.keras,.keras,257680,hourly,single,336.0,models
hourly/single/models/win36.keras,.keras,257671,hourly,single,36.0,models
hourly/single/models/win4.keras,.keras,257667,hourly,single,4.0,models
hourly/single/models/win48.keras,.keras,257671,hourly,single,48.0,models
hourly/single/models/win672.keras,.keras,257680,hourly,single,672.0,models
hourly/single/models/win74.keras,.keras,257671,hourly,single,74.0,models
hourly/single/models/win8.keras,.keras,257667,hourly,single,8.0,models
hourly/xai/bidir/win12_horizon.png,.png,27318,hourly,bidir,12.0,xai
hourly/xai/bidir/win12_shap.csv,.csv,404,hourly,bidir,12.0,xai
hourly/xai/bidir/win168_horizon.png,.png,22751,hourly,bidir,168.0,xai
hourly/xai/bidir/win168_shap.csv,.csv,398,hourly,bidir,168.0,xai
hourly/xai/bidir/win16_horizon.png,.png,31320,hourly,bidir,16.0,xai
hourly/xai/bidir/win16_shap.csv,.csv,405,hourly,bidir,16.0,xai
hourly/xai/bidir/win1_horizon.png,.png,17448,hourly,bidir,1.0,xai
hourly/xai/bidir/win1_shap.csv,.csv,402,hourly,bidir,1.0,xai
hourly/xai/bidir/win24_horizon.png,.png,25768,hourly,bidir,24.0,xai
hourly/xai/bidir/win24_shap.csv,.csv,398,hourly,bidir,24.0,xai
hourly/xai/bidir/win336_horizon.png,.png,24694,hourly,bidir,336.0,xai
hourly/xai/bidir/win336_shap.csv,.csv,397,hourly,bidir,336.0,xai
hourly/xai/bidir/win36_horizon.png,.png,25286,hourly,bidir,36.0,xai
hourly/xai/bidir/win36_shap.csv,.csv,397,hourly,bidir,36.0,xai
hourly/xai/bidir/win48_horizon.png,.png,28014,hourly,bidir,48.0,xai
hourly/xai/bidir/win48_shap.csv,.csv,384,hourly,bidir,48.0,xai
hourly/xai/bidir/win4_horizon.png,.png,25052,hourly,bidir,4.0,xai
hourly/xai/bidir/win4_shap.csv,.csv,405,hourly,bidir,4.0,xai
hourly/xai/bidir/win672_horizon.png,.png,23082,hourly,bidir,672.0,xai
hourly/xai/bidir/win672_shap.csv,.csv,397,hourly,bidir,672.0,xai
hourly/xai/bidir/win74_horizon.png,.png,21297,hourly,bidir,74.0,xai
hourly/xai/bidir/win74_shap.csv,.csv,403,hourly,bidir,74.0,xai
hourly/xai/bidir/win8_horizon.png,.png,25172,hourly,bidir,8.0,xai
hourly/xai/bidir/win8_shap.csv,.csv,405,hourly,bidir,8.0,xai
hourly/xai/double/win12_horizon.png,.png,28823,hourly,double,12.0,xai
hourly/xai/double/win12_shap.csv,.csv,404,hourly,double,12.0,xai
hourly/xai/double/win168_horizon.png,.png,23242,hourly,double,168.0,xai
hourly/xai/double/win168_shap.csv,.csv,400,hourly,double,168.0,xai
hourly/xai/double/win16_horizon.png,.png,27121,hourly,double,16.0,xai
hourly/xai/double/win16_shap.csv,.csv,407,hourly,double,16.0,xai
hourly/xai/double/win1_horizon.png,.png,18412,hourly,double,1.0,xai
hourly/xai/double/win1_shap.csv,.csv,403,hourly,double,1.0,xai
hourly/xai/double/win24_horizon.png,.png,26366,hourly,double,24.0,xai
hourly/xai/double/win24_shap.csv,.csv,393,hourly,double,24.0,xai
hourly/xai/double/win336_horizon.png,.png,23766,hourly,double,336.0,xai
hourly/xai/double/win336_shap.csv,.csv,400,hourly,double,336.0,xai
hourly/xai/double/win36_horizon.png,.png,30734,hourly,double,36.0,xai
hourly/xai/double/win36_shap.csv,.csv,400,hourly,double,36.0,xai
hourly/xai/double/win48_horizon.png,.png,25833,hourly,double,48.0,xai
hourly/xai/double/win48_shap.csv,.csv,399,hourly,double,48.0,xai
hourly/xai/double/win4_horizon.png,.png,24540,hourly,double,4.0,xai
hourly/xai/double/win4_shap.csv,.csv,404,hourly,double,4.0,xai
hourly/xai/double/win672_horizon.png,.png,22967,hourly,double,672.0,xai
hourly/xai/double/win672_shap.csv,.csv,403,hourly,double,672.0,xai
hourly/xai/double/win74_horizon.png,.png,22537,hourly,double,74.0,xai
hourly/xai/double/win74_shap.csv,.csv,400,hourly,double,74.0,xai
hourly/xai/double/win8_horizon.png,.png,26370,hourly,double,8.0,xai
hourly/xai/double/win8_shap.csv,.csv,405,hourly,double,8.0,xai
hourly/xai/single/win12_horizon.png,.png,33570,hourly,single,12.0,xai
hourly/xai/single/win12_shap.csv,.csv,406,hourly,single,12.0,xai
hourly/xai/single/win168_horizon.png,.png,23178,hourly,single,168.0,xai
hourly/xai/single/win168_shap.csv,.csv,398,hourly,single,168.0,xai
hourly/xai/single/win16_horizon.png,.png,26056,hourly,single,16.0,xai
hourly/xai/single/win16_shap.csv,.csv,399,hourly,single,16.0,xai
hourly/xai/single/win1_horizon.png,.png,16686,hourly,single,1.0,xai
hourly/xai/single/win1_shap.csv,.csv,403,hourly,single,1.0,xai
hourly/xai/single/win24_horizon.png,.png,25615,hourly,single,24.0,xai
hourly/xai/single/win24_shap.csv,.csv,404,hourly,single,24.0,xai
hourly/xai/single/win336_horizon.png,.png,23034,hourly,single,336.0,xai
hourly/xai/single/win336_shap.csv,.csv,401,hourly,single,336.0,xai
hourly/xai/single/win36_horizon.png,.png,29942,hourly,single,36.0,xai
hourly/xai/single/win36_shap.csv,.csv,391,hourly,single,36.0,xai
hourly/xai/single/win48_horizon.png,.png,28758,hourly,single,48.0,xai
hourly/xai/single/win48_shap.csv,.csv,400,hourly,single,48.0,xai
hourly/xai/single/win4_horizon.png,.png,26800,hourly,single,4.0,xai
hourly/xai/single/win4_shap.csv,.csv,403,hourly,single,4.0,xai
hourly/xai/single/win672_horizon.png,.png,22167,hourly,single,672.0,xai
hourly/xai/single/win672_shap.csv,.csv,407,hourly,single,672.0,xai
hourly/xai/single/win74_horizon.png,.png,22393,hourly,single,74.0,xai
hourly/xai/single/win74_shap.csv,.csv,390,hourly,single,74.0,xai
hourly/xai/single/win8_horizon.png,.png,27280,hourly,single,8.0,xai
hourly/xai/single/win8_shap.csv,.csv,404,hourly,single,8.0,xai
